row_type,experiment,kat,position_mode,unknown_bits,known_bits,split_bits,split_positions,max_workers,divide_trial,divide_seed,branch_id,assignment,branch_order,status,satisfiable,correct,recovered_key,branch_solve_time,experiment_wall_time,baseline_solve_time,speedup,variables,clauses
summary,count1089_last_8_split5_divide1_workers8,count1089,last,8,120,5,121;122;124;126;127,8,1,20261720,00111,00111,26,SAT_FOUND,True,True,000102030405060708090A0B0C0D0E0F,36.93918683301308,130.22171945901937,49.38862675000564,0.3792656628646974,105092,1723804
summary,count1089_last_8_split5_divide2_workers8,count1089,last,8,120,5,120;121;125;126;127,8,2,20261721,00111,00111,21,SAT_FOUND,True,True,000102030405060708090A0B0C0D0E0F,216.73692154098535,279.843357167003,49.38862675000564,0.17648668615897087,105092,1723804
summary,count1089_last_8_split5_divide3_workers8,count1089,last,8,120,5,121;124;125;126;127,8,3,20261722,01111,01111,5,SAT_FOUND,True,True,000102030405060708090A0B0C0D0E0F,83.04486383398762,83.44844758298132,49.38862675000564,0.5918459621539812,105092,1723804
summary,count1089_last_10_split5_divide1_workers8,count1089,last,10,118,5,118;119;120;122;126,8,1,20261920,10001,10001,23,SAT_FOUND,True,True,000102030405060708090A0B0C0D0E0F,96.07137912500184,240.03870150001603,30.555273958001635,0.12729311468134064,105092,1723802
summary,count1089_last_10_split5_divide2_workers8,count1089,last,10,118,5,120;121;122;125;126,8,2,20261921,00011,00011,2,SAT_FOUND,True,True,000102030405060708090A0B0C0D0E0F,47.93188166699838,48.156730667018564,30.555273958001635,0.634496435592299,105092,1723802
summary,count1089_last_10_split5_divide3_workers8,count1089,last,10,118,5,119;120;121;122;124,8,3,20261922,00001,00001,9,SAT_FOUND,True,True,000102030405060708090A0B0C0D0E0F,82.62658137499238,126.82251270799316,30.555273958001635,0.24092941628080397,105092,1723802
summary,count1089_last_12_split5_divide1_workers8,count1089,last,12,116,5,117;119;122;126;127,8,1,20262120,10011,10011,12,SAT_FOUND,True,True,000102030405060708090A0B0C0D0E0F,67.31720716698328,123.32999604198267,38.51384825000423,0.31228289537035064,105092,1723800
summary,count1089_last_12_split5_divide2_workers8,count1089,last,12,116,5,116;117;119;121;126,8,2,20262121,11001,11001,22,SAT_FOUND,True,True,000102030405060708090A0B0C0D0E0F,64.32710012499592,190.86067645900766,38.51384825000423,0.20179037905839178,105092,1723800
summary,count1089_last_12_split5_divide3_workers8,count1089,last,12,116,5,116;117;123;124;126,8,3,20262122,11011,11011,15,SAT_FOUND,True,True,000102030405060708090A0B0C0D0E0F,77.91539974999614,151.993232791021,38.51384825000423,0.2533918618795207,105092,1723800
summary,count1089_last_14_split5_divide1_workers8,count1089,last,14,114,5,115;119;120;121;124,8,1,20262320,00001,00001,2,SAT_FOUND,True,True,000102030405060708090A0B0C0D0E0F,75.4305533329898,75.71619129201281,102.18841354199685,1.349624324708691,105092,1723798
summary,count1089_last_14_split5_divide2_workers8,count1089,last,14,114,5,115;119;120;124;127,8,2,20262321,00011,00011,16,SAT_FOUND,True,True,000102030405060708090A0B0C0D0E0F,86.79531250000582,158.89990304198,102.18841354199685,0.6430992819108238,105092,1723798
summary,count1089_last_14_split5_divide3_workers8,count1089,last,14,114,5,116;120;122;123;124,8,3,20262322,10001,10001,31,SAT_FOUND,True,True,000102030405060708090A0B0C0D0E0F,59.44148249999853,302.55512537498726,102.18841354199685,0.3377513880002673,105092,1723798
summary,count1089_last_16_split5_divide1_workers8,count1089,last,16,112,5,112;117;120;121;122,8,1,20262520,01000,01000,18,SAT_FOUND,True,True,000102030405060708090A0B0C0D0E0F,112.20565875002649,262.14498883401393,274.8117494999897,1.0483196750100614,105092,1723796
summary,count1089_last_16_split5_divide2_workers8,count1089,last,16,112,5,112;116;117;118;122,8,2,20262521,01110,01110,25,SAT_FOUND,True,True,000102030405060708090A0B0C0D0E0F,143.4998809999961,355.39141470901086,274.8117494999897,0.7732650202734959,105092,1723796
summary,count1089_last_16_split5_divide3_workers8,count1089,last,16,112,5,113;115;117;119;126,8,3,20262522,00101,00101,11,SAT_FOUND,True,True,000102030405060708090A0B0C0D0E0F,81.468143917009,174.33353433400043,274.8117494999897,1.576356210237131,105092,1723796
summary,count1089_last_18_split5_divide1_workers8,count1089,last,18,110,5,112;114;119;120;126,8,1,20262720,00001,00001,22,SAT_FOUND,True,True,000102030405060708090A0B0C0D0E0F,207.257071,511.7092255000025,532.9334115839883,1.041477044044393,105092,1723794
summary,count1089_last_18_split5_divide2_workers8,count1089,last,18,110,5,110;114;117;125;127,8,2,20262721,00111,00111,5,SAT_FOUND,True,True,000102030405060708090A0B0C0D0E0F,170.27728925002157,170.8056802500214,532.9334115839883,3.120115272535976,105092,1723794
summary,count1089_last_18_split5_divide3_workers8,count1089,last,18,110,5,117;122;123;124;127,8,3,20262722,10011,10011,5,SAT_FOUND,True,True,000102030405060708090A0B0C0D0E0F,127.04578608300653,127.55323320900789,532.9334115839883,4.178125463199566,105092,1723794
summary,count1089_last_20_split5_divide1_workers8,count1089,last,20,108,5,111;112;115;119;124,8,1,20262920,10001,10001,15,SAT_FOUND,True,True,000102030405060708090A0B0C0D0E0F,346.3842627920094,829.5364754579787,2441.074447792009,2.942696939811256,105092,1723792
summary,count1089_last_20_split5_divide2_workers8,count1089,last,20,108,5,111;114;115;116;118,8,2,20262921,10011,10011,12,SAT_FOUND,True,True,000102030405060708090A0B0C0D0E0F,353.76184291698155,706.9931430839933,2441.074447792009,3.4527554781418868,105092,1723792
summary,count1089_last_20_split5_divide3_workers8,count1089,last,20,108,5,108;112;114;116;126,8,3,20262922,10011,10011,27,SAT_FOUND,True,True,000102030405060708090A0B0C0D0E0F,377.0267782090232,1765.4770915830159,2441.074447792009,1.382671267404109,105092,1723792
summary,count1089_last_21_split5_divide1_workers8,count1089,last,21,107,5,111;115;118;124;126,8,1,20263020,10111,10111,28,SAT_FOUND,True,True,000102030405060708090A0B0C0D0E0F,556.3676997500006,2254.961562917015,9604.047899500001,4.259073882871963,105092,1723791
summary,count1089_last_21_split5_divide2_workers8,count1089,last,21,107,5,107;109;115;117;121,8,2,20263021,01010,01010,32,SAT_FOUND,True,True,000102030405060708090A0B0C0D0E0F,451.07974500002456,2199.384826041991,9604.047899500001,4.366697353633847,105092,1723791
summary,count1089_last_21_split5_divide3_workers8,count1089,last,21,107,5,109;113;120;121;123,8,3,20263022,10000,10000,24,SAT_FOUND,True,True,000102030405060708090A0B0C0D0E0F,297.92502362502273,1602.0908039170026,9604.047899500001,5.994696353052373,105092,1723791
summary,count1089_last_22_split5_divide1_workers8,count1089,last,22,106,5,111;113;118;120;125,8,1,20263120,10101,10101,21,SAT_FOUND,True,True,000102030405060708090A0B0C0D0E0F,1738.8570368340006,4302.444712707977,,,105092,1723790
summary,count1089_last_22_split5_divide2_workers8,count1089,last,22,106,5,108;113;114;120;127,8,2,20263121,10001,10001,6,SAT_FOUND,True,True,000102030405060708090A0B0C0D0E0F,1125.5933407910052,1126.2077567499946,,,105092,1723790
summary,count1089_last_22_split5_divide3_workers8,count1089,last,22,106,5,111;112;117;123;126,8,3,20263122,10101,10101,19,SAT_FOUND,True,True,000102030405060708090A0B0C0D0E0F,1189.4762415000005,3357.923440915998,,,105092,1723790
summary,count1089_last_24_split5_divide1_workers8,count1089,last,24,104,5,112;113;116;118;125,8,1,20263320,00111,00111,9,SAT_FOUND,True,True,000102030405060708090A0B0C0D0E0F,3710.753602667013,7087.734490000003,,,105092,1723788
summary,count1089_last_24_split5_divide2_workers8,count1089,last,24,104,5,105;107;112;113;115,8,2,20263321,00000,00000,28,SAT_FOUND,True,True,000102030405060708090A0B0C0D0E0F,4192.261803625006,20025.42623254101,,,105092,1723788
summary,count1089_last_24_split5_divide3_workers8,count1089,last,24,104,5,105;120;121;124;125,8,3,20263322,00011,00011,30,SAT_FOUND,True,True,000102030405060708090A0B0C0D0E0F,941.3163418750046,12195.936797666975,,,105092,1723788
