row_type,experiment,kat,position_mode,trial,seed,divide_trial,divide_seed,unknown_bits,known_bits,split_bits,split_positions,max_workers,branch_id,assignment,branch_order,status,satisfiable,correct,recovered_key,solve_time,experiment_wall_time,baseline_solve_time,variables,clauses
branch,count1089_random1_20_split5_divide1_workers4,count1089,random,1,20262917,1,20260919,20,108,5,28;33;71;76;97,4,10111,10111,2,UNSAT,False,False,,161.56634204099828,161.68924033299845,2247.9578224160014,105092,1723792
branch,count1089_random1_20_split5_divide1_workers4,count1089,random,1,20262917,1,20260919,20,108,5,28;33;71;76;97,4,10011,10011,4,UNSAT,False,False,,194.19527141700382,194.5133131659968,2247.9578224160014,105092,1723792
branch,count1089_random1_20_split5_divide1_workers4,count1089,random,1,20262917,1,20260919,20,108,5,28;33;71;76;97,4,00110,00110,3,UNSAT,False,False,,252.1294332910038,252.35374999999476,2247.9578224160014,105092,1723792
branch,count1089_random1_20_split5_divide1_workers4,count1089,random,1,20262917,1,20260919,20,108,5,28;33;71;76;97,4,11001,11001,1,UNSAT,False,False,,307.8353103749978,307.8840136660001,2247.9578224160014,105092,1723792
branch,count1089_random1_20_split5_divide1_workers4,count1089,random,1,20262917,1,20260919,20,108,5,28;33;71;76;97,4,10000,10000,5,UNSAT,False,False,,150.22682558299857,311.9788809159945,2247.9578224160014,105092,1723792
branch,count1089_random1_20_split5_divide1_workers4,count1089,random,1,20262917,1,20260919,20,108,5,28;33;71;76;97,4,11011,11011,6,UNSAT,False,False,,222.36924604199885,416.94728670800396,2247.9578224160014,105092,1723792
branch,count1089_random1_20_split5_divide1_workers4,count1089,random,1,20262917,1,20260919,20,108,5,28;33;71;76;97,4,01001,01001,9,UNSAT,False,False,,173.6626433749916,485.7099255829962,2247.9578224160014,105092,1723792
branch,count1089_random1_20_split5_divide1_workers4,count1089,random,1,20262917,1,20260919,20,108,5,28;33;71;76;97,4,00011,00011,7,UNSAT,False,False,,241.1152764169965,493.5342093750078,2247.9578224160014,105092,1723792
branch,count1089_random1_20_split5_divide1_workers4,count1089,random,1,20262917,1,20260919,20,108,5,28;33;71;76;97,4,00101,00101,8,UNSAT,False,False,,208.30607766700268,516.2560340000055,2247.9578224160014,105092,1723792
branch,count1089_random1_20_split5_divide1_workers4,count1089,random,1,20262917,1,20260919,20,108,5,28;33;71;76;97,4,11010,11010,10,UNSAT,False,False,,240.42140470800223,657.4397617079958,2247.9578224160014,105092,1723792
branch,count1089_random1_20_split5_divide1_workers4,count1089,random,1,20262917,1,20260919,20,108,5,28;33;71;76;97,4,01110,01110,12,UNSAT,False,False,,185.14616399999068,678.7649074159999,2247.9578224160014,105092,1723792
branch,count1089_random1_20_split5_divide1_workers4,count1089,random,1,20262917,1,20260919,20,108,5,28;33;71;76;97,4,01011,01011,11,UNSAT,False,False,,204.4459321250033,690.2236514160031,2247.9578224160014,105092,1723792
branch,count1089_random1_20_split5_divide1_workers4,count1089,random,1,20262917,1,20260919,20,108,5,28;33;71;76;97,4,10110,10110,14,UNSAT,False,False,,186.82597366700065,844.3518924999953,2247.9578224160014,105092,1723792
branch,count1089_random1_20_split5_divide1_workers4,count1089,random,1,20262917,1,20260919,20,108,5,28;33;71;76;97,4,00100,00100,13,UNSAT,False,False,,341.9286867089977,858.2486515829951,2247.9578224160014,105092,1723792
branch,count1089_random1_20_split5_divide1_workers4,count1089,random,1,20262917,1,20260919,20,108,5,28;33;71;76;97,4,01000,01000,15,UNSAT,False,False,,240.69512308300182,919.5454876660078,2247.9578224160014,105092,1723792
branch,count1089_random1_20_split5_divide1_workers4,count1089,random,1,20262917,1,20260919,20,108,5,28;33;71;76;97,4,00111,00111,16,UNSAT,False,False,,273.5169192080066,963.8248115409951,2247.9578224160014,105092,1723792
branch,count1089_random1_20_split5_divide1_workers4,count1089,random,1,20262917,1,20260919,20,108,5,28;33;71;76;97,4,01111,01111,17,UNSAT,False,False,,254.58117745899654,1099.0038746250066,2247.9578224160014,105092,1723792
branch,count1089_random1_20_split5_divide1_workers4,count1089,random,1,20262917,1,20260919,20,108,5,28;33;71;76;97,4,01100,01100,20,UNSAT,False,False,,201.6867653340014,1165.6017134580034,2247.9578224160014,105092,1723792
branch,count1089_random1_20_split5_divide1_workers4,count1089,random,1,20262917,1,20260919,20,108,5,28;33;71;76;97,4,11110,11110,18,UNSAT,False,False,,391.4789125420066,1249.8014882910065,2247.9578224160014,105092,1723792
branch,count1089_random1_20_split5_divide1_workers4,count1089,random,1,20262917,1,20260919,20,108,5,28;33;71;76;97,4,10100,10100,19,UNSAT,False,False,,331.4433127910015,1251.0730512500013,2247.9578224160014,105092,1723792
branch,count1089_random1_20_split5_divide1_workers4,count1089,random,1,20262917,1,20260919,20,108,5,28;33;71;76;97,4,11000,11000,21,UNSAT,False,False,,246.03630958400026,1345.1104382500052,2247.9578224160014,105092,1723792
branch,count1089_random1_20_split5_divide1_workers4,count1089,random,1,20262917,1,20260919,20,108,5,28;33;71;76;97,4,10010,10010,23,UNSAT,False,False,,180.53445958299562,1430.4054049580009,2247.9578224160014,105092,1723792
branch,count1089_random1_20_split5_divide1_workers4,count1089,random,1,20262917,1,20260919,20,108,5,28;33;71;76;97,4,10101,10101,22,UNSAT,False,False,,290.8581172080012,1456.5298774580006,2247.9578224160014,105092,1723792
branch,count1089_random1_20_split5_divide1_workers4,count1089,random,1,20262917,1,20260919,20,108,5,28;33;71;76;97,4,01010,01010,24,UNSAT,False,False,,222.22917770800996,1473.3784547499963,2247.9578224160014,105092,1723792
branch,count1089_random1_20_split5_divide1_workers4,count1089,random,1,20262917,1,20260919,20,108,5,28;33;71;76;97,4,00000,00000,25,UNSAT,False,False,,250.8973224999936,1596.0869466660079,2247.9578224160014,105092,1723792
branch,count1089_random1_20_split5_divide1_workers4,count1089,random,1,20262917,1,20260919,20,108,5,28;33;71;76;97,4,11101,11101,27,UNSAT,False,False,,214.0444131250115,1670.6378423330025,2247.9578224160014,105092,1723792
branch,count1089_random1_20_split5_divide1_workers4,count1089,random,1,20262917,1,20260919,20,108,5,28;33;71;76;97,4,01101,01101,28,UNSAT,False,False,,201.9287254580122,1675.3857096249994,2247.9578224160014,105092,1723792
branch,count1089_random1_20_split5_divide1_workers4,count1089,random,1,20262917,1,20260919,20,108,5,28;33;71;76;97,4,11111,11111,26,UNSAT,False,False,,312.54527845801204,1743.0295333329996,2247.9578224160014,105092,1723792
branch,count1089_random1_20_split5_divide1_workers4,count1089,random,1,20262917,1,20260919,20,108,5,28;33;71;76;97,4,00001,00001,31,UNSAT,False,False,,193.99797295800818,1869.4741439159989,2247.9578224160014,105092,1723792
branch,count1089_random1_20_split5_divide1_workers4,count1089,random,1,20262917,1,20260919,20,108,5,28;33;71;76;97,4,11100,11100,30,UNSAT,False,False,,301.05614291700476,1971.8185212079989,2247.9578224160014,105092,1723792
branch,count1089_random1_20_split5_divide1_workers4,count1089,random,1,20262917,1,20260919,20,108,5,28;33;71;76;97,4,00010,00010,29,SAT,True,True,000102030405060708090A0B0C0D0E0F,405.1086932920007,2001.2731280830048,2247.9578224160014,105092,1723792
summary,count1089_random1_20_split5_divide1_workers4,count1089,random,1,20262917,1,20260919,20,108,5,28;33;71;76;97,4,00010,00010,29,SAT_FOUND,True,True,000102030405060708090A0B0C0D0E0F,405.1086932920007,2001.2990199579945,2247.9578224160014,105092,1723792
branch,count1089_random1_20_split5_divide2_workers4,count1089,random,1,20262917,2,20260920,20,108,5,33;63;99;103;122,4,11000,11000,4,UNSAT,False,False,,225.37625649999245,225.65672250000353,2247.9578224160014,105092,1723792
branch,count1089_random1_20_split5_divide2_workers4,count1089,random,1,20262917,2,20260920,20,108,5,33;63;99;103;122,4,11010,11010,1,UNSAT,False,False,,251.27973579098762,251.3246492090111,2247.9578224160014,105092,1723792
branch,count1089_random1_20_split5_divide2_workers4,count1089,random,1,20262917,2,20260920,20,108,5,33;63;99;103;122,4,11101,11101,3,UNSAT,False,False,,266.6922274999961,266.8605013339984,2247.9578224160014,105092,1723792
branch,count1089_random1_20_split5_divide2_workers4,count1089,random,1,20262917,2,20260920,20,108,5,33;63;99;103;122,4,11011,11011,2,UNSAT,False,False,,322.82380958298745,322.92389812500915,2247.9578224160014,105092,1723792
branch,count1089_random1_20_split5_divide2_workers4,count1089,random,1,20262917,2,20260920,20,108,5,33;63;99;103;122,4,00001,00001,5,UNSAT,False,False,,249.9208425419929,475.6708665000042,2247.9578224160014,105092,1723792
branch,count1089_random1_20_split5_divide2_workers4,count1089,random,1,20262917,2,20260920,20,108,5,33;63;99;103;122,4,01010,01010,6,UNSAT,False,False,,246.15855029199156,497.5654087090079,2247.9578224160014,105092,1723792
branch,count1089_random1_20_split5_divide2_workers4,count1089,random,1,20262917,2,20260920,20,108,5,33;63;99;103;122,4,10101,10101,8,UNSAT,False,False,,207.88616820899188,530.8681583340076,2247.9578224160014,105092,1723792
branch,count1089_random1_20_split5_divide2_workers4,count1089,random,1,20262917,2,20260920,20,108,5,33;63;99;103;122,4,10011,10011,7,UNSAT,False,False,,323.9654040000023,590.8983871670061,2247.9578224160014,105092,1723792
branch,count1089_random1_20_split5_divide2_workers4,count1089,random,1,20262917,2,20260920,20,108,5,33;63;99;103;122,4,11111,11111,10,UNSAT,False,False,,233.14456433299347,730.801072125003,2247.9578224160014,105092,1723792
branch,count1089_random1_20_split5_divide2_workers4,count1089,random,1,20262917,2,20260920,20,108,5,33;63;99;103;122,4,11100,11100,9,UNSAT,False,False,,292.57527883400326,768.3145942500123,2247.9578224160014,105092,1723792
branch,count1089_random1_20_split5_divide2_workers4,count1089,random,1,20262917,2,20260920,20,108,5,33;63;99;103;122,4,10100,10100,11,UNSAT,False,False,,265.73674104199745,796.6768123340007,2247.9578224160014,105092,1723792
branch,count1089_random1_20_split5_divide2_workers4,count1089,random,1,20262917,2,20260920,20,108,5,33;63;99;103;122,4,10001,10001,12,UNSAT,False,False,,238.35276987499674,829.3396957500081,2247.9578224160014,105092,1723792
branch,count1089_random1_20_split5_divide2_workers4,count1089,random,1,20262917,2,20260920,20,108,5,33;63;99;103;122,4,11110,11110,14,UNSAT,False,False,,204.1452659170027,972.544625584007,2247.9578224160014,105092,1723792
branch,count1089_random1_20_split5_divide2_workers4,count1089,random,1,20262917,2,20260920,20,108,5,33;63;99;103;122,4,11001,11001,13,UNSAT,False,False,,247.8883155000076,978.7816482920025,2247.9578224160014,105092,1723792
branch,count1089_random1_20_split5_divide2_workers4,count1089,random,1,20262917,2,20260920,20,108,5,33;63;99;103;122,4,10010,10010,15,UNSAT,False,False,,229.09470766699815,1025.8661472090025,2247.9578224160014,105092,1723792
branch,count1089_random1_20_split5_divide2_workers4,count1089,random,1,20262917,2,20260920,20,108,5,33;63;99;103;122,4,00101,00101,16,UNSAT,False,False,,308.03317687500385,1137.478166334011,2247.9578224160014,105092,1723792
branch,count1089_random1_20_split5_divide2_workers4,count1089,random,1,20262917,2,20260920,20,108,5,33;63;99;103;122,4,01000,01000,18,SAT,True,True,000102030405060708090A0B0C0D0E0F,276.22032208400196,1255.1094095000008,2247.9578224160014,105092,1723792
summary,count1089_random1_20_split5_divide2_workers4,count1089,random,1,20262917,2,20260920,20,108,5,33;63;99;103;122,4,01000,01000,18,SAT_FOUND,True,True,000102030405060708090A0B0C0D0E0F,276.22032208400196,1255.1590582920035,2247.9578224160014,105092,1723792
branch,count1089_random1_20_split5_divide3_workers4,count1089,random,1,20262917,3,20260921,20,108,5,19;25;43;54;122,4,00101,00101,2,UNSAT,False,False,,250.68422820899286,250.7965290419961,2247.9578224160014,105092,1723792
branch,count1089_random1_20_split5_divide3_workers4,count1089,random,1,20262917,3,20260921,20,108,5,19;25;43;54;122,4,01101,01101,4,UNSAT,False,False,,284.7060564580024,284.9631506250007,2247.9578224160014,105092,1723792
branch,count1089_random1_20_split5_divide3_workers4,count1089,random,1,20262917,3,20260921,20,108,5,19;25;43;54;122,4,01110,01110,1,UNSAT,False,False,,304.2475212499994,304.2951007500087,2247.9578224160014,105092,1723792
branch,count1089_random1_20_split5_divide3_workers4,count1089,random,1,20262917,3,20260921,20,108,5,19;25;43;54;122,4,00001,00001,3,UNSAT,False,False,,324.4121128330007,324.58753708400764,2247.9578224160014,105092,1723792
branch,count1089_random1_20_split5_divide3_workers4,count1089,random,1,20262917,3,20260921,20,108,5,19;25;43;54;122,4,00011,00011,5,UNSAT,False,False,,301.9679345409968,552.9061238340073,2247.9578224160014,105092,1723792
branch,count1089_random1_20_split5_divide3_workers4,count1089,random,1,20262917,3,20260921,20,108,5,19;25;43;54;122,4,10101,10101,8,UNSAT,False,False,,250.74398608300544,575.4198225840082,2247.9578224160014,105092,1723792
branch,count1089_random1_20_split5_divide3_workers4,count1089,random,1,20262917,3,20260921,20,108,5,19;25;43;54;122,4,11011,11011,6,UNSAT,False,False,,326.77126133399724,611.8386845000059,2247.9578224160014,105092,1723792
branch,count1089_random1_20_split5_divide3_workers4,count1089,random,1,20262917,3,20260921,20,108,5,19;25;43;54;122,4,10001,10001,7,UNSAT,False,False,,348.00873537499865,652.4210396249982,2247.9578224160014,105092,1723792
branch,count1089_random1_20_split5_divide3_workers4,count1089,random,1,20262917,3,20260921,20,108,5,19;25;43;54;122,4,00111,00111,11,UNSAT,False,False,,262.20871508299024,874.125584709007,2247.9578224160014,105092,1723792
branch,count1089_random1_20_split5_divide3_workers4,count1089,random,1,20262917,3,20260921,20,108,5,19;25;43;54;122,4,10110,10110,9,UNSAT,False,False,,377.3874843750091,930.3949487089994,2247.9578224160014,105092,1723792
branch,count1089_random1_20_split5_divide3_workers4,count1089,random,1,20262917,3,20260921,20,108,5,19;25;43;54;122,4,01000,01000,10,UNSAT,False,False,,363.9102845410089,939.4090485000052,2247.9578224160014,105092,1723792
branch,count1089_random1_20_split5_divide3_workers4,count1089,random,1,20262917,3,20260921,20,108,5,19;25;43;54;122,4,00100,00100,12,UNSAT,False,False,,362.6041603749909,1015.1115888339991,2247.9578224160014,105092,1723792
branch,count1089_random1_20_split5_divide3_workers4,count1089,random,1,20262917,3,20260921,20,108,5,19;25;43;54;122,4,01111,01111,13,UNSAT,False,False,,243.1015074589959,1117.3484398340079,2247.9578224160014,105092,1723792
branch,count1089_random1_20_split5_divide3_workers4,count1089,random,1,20262917,3,20260921,20,108,5,19;25;43;54;122,4,11001,11001,15,UNSAT,False,False,,259.07722208299674,1198.596133250001,2247.9578224160014,105092,1723792
branch,count1089_random1_20_split5_divide3_workers4,count1089,random,1,20262917,3,20260921,20,108,5,19;25;43;54;122,4,10011,10011,16,UNSAT,False,False,,290.9578548749996,1306.1928619999962,2247.9578224160014,105092,1723792
branch,count1089_random1_20_split5_divide3_workers4,count1089,random,1,20262917,3,20260921,20,108,5,19;25;43;54;122,4,10100,10100,14,UNSAT,False,False,,387.0776289159985,1317.661663375009,2247.9578224160014,105092,1723792
branch,count1089_random1_20_split5_divide3_workers4,count1089,random,1,20262917,3,20260921,20,108,5,19;25;43;54;122,4,00000,00000,18,UNSAT,False,False,,197.33987691700167,1396.0529059590044,2247.9578224160014,105092,1723792
branch,count1089_random1_20_split5_divide3_workers4,count1089,random,1,20262917,3,20260921,20,108,5,19;25;43;54;122,4,10000,10000,17,UNSAT,False,False,,403.6474663330009,1521.102092250003,2247.9578224160014,105092,1723792
branch,count1089_random1_20_split5_divide3_workers4,count1089,random,1,20262917,3,20260921,20,108,5,19;25;43;54;122,4,11100,11100,19,UNSAT,False,False,,236.16543637499854,1542.445591249998,2247.9578224160014,105092,1723792
branch,count1089_random1_20_split5_divide3_workers4,count1089,random,1,20262917,3,20260921,20,108,5,19;25;43;54;122,4,10010,10010,20,UNSAT,False,False,,229.4230361660011,1547.1610724589991,2247.9578224160014,105092,1723792
branch,count1089_random1_20_split5_divide3_workers4,count1089,random,1,20262917,3,20260921,20,108,5,19;25;43;54;122,4,11110,11110,21,UNSAT,False,False,,237.4132103340089,1633.5414357499976,2247.9578224160014,105092,1723792
branch,count1089_random1_20_split5_divide3_workers4,count1089,random,1,20262917,3,20260921,20,108,5,19;25;43;54;122,4,01001,01001,23,UNSAT,False,False,,216.50199808299658,1759.0250467919977,2247.9578224160014,105092,1723792
branch,count1089_random1_20_split5_divide3_workers4,count1089,random,1,20262917,3,20260921,20,108,5,19;25;43;54;122,4,11000,11000,22,UNSAT,False,False,,281.03060891600035,1802.2072759169969,2247.9578224160014,105092,1723792
branch,count1089_random1_20_split5_divide3_workers4,count1089,random,1,20262917,3,20260921,20,108,5,19;25;43;54;122,4,11101,11101,24,UNSAT,False,False,,355.98206120799296,1903.229568625,2247.9578224160014,105092,1723792
branch,count1089_random1_20_split5_divide3_workers4,count1089,random,1,20262917,3,20260921,20,108,5,19;25;43;54;122,4,00010,00010,25,SAT,True,True,000102030405060708090A0B0C0D0E0F,298.8408871249994,1932.492804959009,2247.9578224160014,105092,1723792
summary,count1089_random1_20_split5_divide3_workers4,count1089,random,1,20262917,3,20260921,20,108,5,19;25;43;54;122,4,00010,00010,25,SAT_FOUND,True,True,000102030405060708090A0B0C0D0E0F,298.8408871249994,1932.533912334009,2247.9578224160014,105092,1723792
branch,count1089_random1_20_split5_divide1_workers1,count1089,random,1,20262917,1,20260919,20,108,5,28;33;71;76;97,1,11001,11001,1,UNSAT,False,False,,232.8923203329905,232.9163122500031,2247.9578224160014,105092,1723792
branch,count1089_random1_20_split5_divide1_workers1,count1089,random,1,20262917,1,20260919,20,108,5,28;33;71;76;97,1,10111,10111,2,UNSAT,False,False,,129.64087974998984,362.6068294579891,2247.9578224160014,105092,1723792
branch,count1089_random1_20_split5_divide1_workers1,count1089,random,1,20262917,1,20260919,20,108,5,28;33;71;76;97,1,00110,00110,3,UNSAT,False,False,,191.2017379589961,553.8740222909983,2247.9578224160014,105092,1723792
branch,count1089_random1_20_split5_divide1_workers1,count1089,random,1,20262917,1,20260919,20,108,5,28;33;71;76;97,1,10011,10011,4,UNSAT,False,False,,158.5936037920037,712.5303960409947,2247.9578224160014,105092,1723792
branch,count1089_random1_20_split5_divide1_workers1,count1089,random,1,20262917,1,20260919,20,108,5,28;33;71;76;97,1,10000,10000,5,UNSAT,False,False,,110.92657704198791,823.5531238749973,2247.9578224160014,105092,1723792
branch,count1089_random1_20_split5_divide1_workers1,count1089,random,1,20262917,1,20260919,20,108,5,28;33;71;76;97,1,11011,11011,6,UNSAT,False,False,,148.20399183299742,971.8384021660022,2247.9578224160014,105092,1723792
branch,count1089_random1_20_split5_divide1_workers1,count1089,random,1,20262917,1,20260919,20,108,5,28;33;71;76;97,1,00011,00011,7,UNSAT,False,False,,164.29268145900278,1136.171760415993,2247.9578224160014,105092,1723792
branch,count1089_random1_20_split5_divide1_workers1,count1089,random,1,20262917,1,20260919,20,108,5,28;33;71;76;97,1,00101,00101,8,UNSAT,False,False,,138.596066625003,1274.8095997079945,2247.9578224160014,105092,1723792
branch,count1089_random1_20_split5_divide1_workers1,count1089,random,1,20262917,1,20260919,20,108,5,28;33;71;76;97,1,01001,01001,9,UNSAT,False,False,,112.68567058299959,1387.5386969160027,2247.9578224160014,105092,1723792
branch,count1089_random1_20_split5_divide1_workers1,count1089,random,1,20262917,1,20260919,20,108,5,28;33;71;76;97,1,11010,11010,10,UNSAT,False,False,,162.4185910410015,1549.9991547499958,2247.9578224160014,105092,1723792
branch,count1089_random1_20_split5_divide1_workers1,count1089,random,1,20262917,1,20260919,20,108,5,28;33;71;76;97,1,01011,01011,11,UNSAT,False,False,,140.74920908300555,1690.7917239579983,2247.9578224160014,105092,1723792
branch,count1089_random1_20_split5_divide1_workers1,count1089,random,1,20262917,1,20260919,20,108,5,28;33;71;76;97,1,01110,01110,12,UNSAT,False,False,,122.59577204099332,1813.4334626659984,2247.9578224160014,105092,1723792
branch,count1089_random1_20_split5_divide1_workers1,count1089,random,1,20262917,1,20260919,20,108,5,28;33;71;76;97,1,00100,00100,13,UNSAT,False,False,,227.06977429099788,2040.5450243329979,2247.9578224160014,105092,1723792
branch,count1089_random1_20_split5_divide1_workers1,count1089,random,1,20262917,1,20260919,20,108,5,28;33;71;76;97,1,10110,10110,14,UNSAT,False,False,,122.02981787499448,2162.6160844159895,2247.9578224160014,105092,1723792
branch,count1089_random1_20_split5_divide1_workers1,count1089,random,1,20262917,1,20260919,20,108,5,28;33;71;76;97,1,01000,01000,15,UNSAT,False,False,,152.90271004100214,2315.5588673750026,2247.9578224160014,105092,1723792
branch,count1089_random1_20_split5_divide1_workers1,count1089,random,1,20262917,1,20260919,20,108,5,28;33;71;76;97,1,00111,00111,16,UNSAT,False,False,,179.14261237499886,2494.7412600410025,2247.9578224160014,105092,1723792
branch,count1089_random1_20_split5_divide1_workers1,count1089,random,1,20262917,1,20260919,20,108,5,28;33;71;76;97,1,01111,01111,17,UNSAT,False,False,,158.1406218750053,2652.921701332991,2247.9578224160014,105092,1723792
branch,count1089_random1_20_split5_divide1_workers1,count1089,random,1,20262917,1,20260919,20,108,5,28;33;71;76;97,1,11110,11110,18,UNSAT,False,False,,226.78428091599199,2879.7476161249942,2247.9578224160014,105092,1723792
branch,count1089_random1_20_split5_divide1_workers1,count1089,random,1,20262917,1,20260919,20,108,5,28;33;71;76;97,1,10100,10100,19,UNSAT,False,False,,188.31165479199262,3068.101193374998,2247.9578224160014,105092,1723792
branch,count1089_random1_20_split5_divide1_workers1,count1089,random,1,20262917,1,20260919,20,108,5,28;33;71;76;97,1,01100,01100,20,UNSAT,False,False,,117.44981962500606,117.48295341600897,2247.9578224160014,105092,1723792
branch,count1089_random1_20_split5_divide1_workers1,count1089,random,1,20262917,1,20260919,20,108,5,28;33;71;76;97,1,11000,11000,21,UNSAT,False,False,,139.98379283299437,257.51315895801235,2247.9578224160014,105092,1723792
branch,count1089_random1_20_split5_divide1_workers1,count1089,random,1,20262917,1,20260919,20,108,5,28;33;71;76;97,1,10101,10101,22,UNSAT,False,False,,164.716126083993,422.2728839580086,2247.9578224160014,105092,1723792
branch,count1089_random1_20_split5_divide1_workers1,count1089,random,1,20262917,1,20260919,20,108,5,28;33;71;76;97,1,10010,10010,23,UNSAT,False,False,,103.03652541700285,525.3518199160026,2247.9578224160014,105092,1723792
branch,count1089_random1_20_split5_divide1_workers1,count1089,random,1,20262917,1,20260919,20,108,5,28;33;71;76;97,1,01010,01010,24,UNSAT,False,False,,126.8510939169937,652.2449259580026,2247.9578224160014,105092,1723792
branch,count1089_random1_20_split5_divide1_workers1,count1089,random,1,20262917,1,20260919,20,108,5,28;33;71;76;97,1,00000,00000,25,UNSAT,False,False,,138.7526254169934,791.0398426660104,2247.9578224160014,105092,1723792
branch,count1089_random1_20_split5_divide1_workers1,count1089,random,1,20262917,1,20260919,20,108,5,28;33;71;76;97,1,11111,11111,26,UNSAT,False,False,,169.54093437500705,960.6238020410092,2247.9578224160014,105092,1723792
branch,count1089_random1_20_split5_divide1_workers1,count1089,random,1,20262917,1,20260919,20,108,5,28;33;71;76;97,1,11101,11101,27,UNSAT,False,False,,111.91960058300174,1072.5857912500069,2247.9578224160014,105092,1723792
pause,count1089_random1_20_split5_divide1_workers1,count1089,random,1,20262917,1,20260919,20,108,5,28;33;71;76;97,1,,,,PAUSED,False,False,,0.0,1123.2001219580125,2247.9578224160014,105092,1723792
branch,count1089_random1_20_split5_divide1_workers1,count1089,random,1,20262917,1,20260919,20,108,5,28;33;71;76;97,1,01101,01101,28,UNSAT,False,False,,105.61276079100207,1228.8462566250091,2247.9578224160014,105092,1723792
branch,count1089_random1_20_split5_divide1_workers1,count1089,random,1,20262917,1,20260919,20,108,5,28;33;71;76;97,1,00010,00010,29,SAT,True,True,000102030405060708090A0B0C0D0E0F,231.075197750004,1459.984010458007,2247.9578224160014,105092,1723792
summary,count1089_random1_20_split5_divide1_workers1,count1089,random,1,20262917,1,20260919,20,108,5,28;33;71;76;97,1,00010,00010,29,SAT_FOUND,True,True,000102030405060708090A0B0C0D0E0F,231.075197750004,1459.9857766660134,2247.9578224160014,105092,1723792
branch,count1089_random1_20_split5_divide1_workers2,count1089,random,1,20262917,1,20260919,20,108,5,28;33;71;76;97,2,10111,10111,2,UNSAT,False,False,,126.78598908300046,126.87477629199566,2247.9578224160014,105092,1723792
branch,count1089_random1_20_split5_divide1_workers2,count1089,random,1,20262917,1,20260919,20,108,5,28;33;71;76;97,2,11001,11001,1,UNSAT,False,False,,227.57316491600068,227.59907662500336,2247.9578224160014,105092,1723792
branch,count1089_random1_20_split5_divide1_workers2,count1089,random,1,20262917,1,20260919,20,108,5,28;33;71;76;97,2,00110,00110,3,UNSAT,False,False,,188.36019633400429,315.28152891699574,2247.9578224160014,105092,1723792
branch,count1089_random1_20_split5_divide1_workers2,count1089,random,1,20262917,1,20260919,20,108,5,28;33;71;76;97,2,10011,10011,4,UNSAT,False,False,,152.00311816598696,379.6485523329902,2247.9578224160014,105092,1723792
branch,count1089_random1_20_split5_divide1_workers2,count1089,random,1,20262917,1,20260919,20,108,5,28;33;71;76;97,2,10000,10000,5,UNSAT,False,False,,103.6114283749921,418.93904479200137,2247.9578224160014,105092,1723792
branch,count1089_random1_20_split5_divide1_workers2,count1089,random,1,20262917,1,20260919,20,108,5,28;33;71;76;97,2,11011,11011,6,UNSAT,False,False,,149.3998775420041,529.0954795419966,2247.9578224160014,105092,1723792
branch,count1089_random1_20_split5_divide1_workers2,count1089,random,1,20262917,1,20260919,20,108,5,28;33;71;76;97,2,00011,00011,7,UNSAT,False,False,,163.4024389170081,582.3888524999929,2247.9578224160014,105092,1723792
branch,count1089_random1_20_split5_divide1_workers2,count1089,random,1,20262917,1,20260919,20,108,5,28;33;71;76;97,2,00101,00101,8,UNSAT,False,False,,142.8064555000019,671.9522268330038,2247.9578224160014,105092,1723792
branch,count1089_random1_20_split5_divide1_workers2,count1089,random,1,20262917,1,20260919,20,108,5,28;33;71;76;97,2,01001,01001,9,UNSAT,False,False,,115.8841333330056,698.3228470000031,2247.9578224160014,105092,1723792
branch,count1089_random1_20_split5_divide1_workers2,count1089,random,1,20262917,1,20260919,20,108,5,28;33;71;76;97,2,11010,11010,10,UNSAT,False,False,,165.58148558301036,837.5908886249963,2247.9578224160014,105092,1723792
branch,count1089_random1_20_split5_divide1_workers2,count1089,random,1,20262917,1,20260919,20,108,5,28;33;71;76;97,2,01011,01011,11,UNSAT,False,False,,142.0750440420088,840.4481045419961,2247.9578224160014,105092,1723792
branch,count1089_random1_20_split5_divide1_workers2,count1089,random,1,20262917,1,20260919,20,108,5,28;33;71;76;97,2,01110,01110,12,UNSAT,False,False,,135.36117441699025,973.0097339170024,2247.9578224160014,105092,1723792
branch,count1089_random1_20_split5_divide1_workers2,count1089,random,1,20262917,1,20260919,20,108,5,28;33;71;76;97,2,00100,00100,13,UNSAT,False,False,,259.70464879200154,1100.211702917004,2247.9578224160014,105092,1723792
branch,count1089_random1_20_split5_divide1_workers2,count1089,random,1,20262917,1,20260919,20,108,5,28;33;71;76;97,2,10110,10110,14,UNSAT,False,False,,146.68055108300177,1119.7450572919915,2247.9578224160014,105092,1723792
branch,count1089_random1_20_split5_divide1_workers2,count1089,random,1,20262917,1,20260919,20,108,5,28;33;71;76;97,2,01000,01000,15,UNSAT,False,False,,195.6847753750044,1295.9577787919989,2247.9578224160014,105092,1723792
branch,count1089_random1_20_split5_divide1_workers2,count1089,random,1,20262917,1,20260919,20,108,5,28;33;71;76;97,2,00111,00111,16,UNSAT,False,False,,222.72370333399158,1342.5264318749978,2247.9578224160014,105092,1723792
branch,count1089_random1_20_split5_divide1_workers2,count1089,random,1,20262917,1,20260919,20,108,5,28;33;71;76;97,2,01111,01111,17,UNSAT,False,False,,169.45334949999233,1465.466537500004,2247.9578224160014,105092,1723792
branch,count1089_random1_20_split5_divide1_workers2,count1089,random,1,20262917,1,20260919,20,108,5,28;33;71;76;97,2,11110,11110,18,UNSAT,False,False,,235.30791491700802,1577.8839080420003,2247.9578224160014,105092,1723792
branch,count1089_random1_20_split5_divide1_workers2,count1089,random,1,20262917,1,20260919,20,108,5,28;33;71;76;97,2,10100,10100,19,UNSAT,False,False,,193.75907050000387,1659.295265875,2247.9578224160014,105092,1723792
branch,count1089_random1_20_split5_divide1_workers2,count1089,random,1,20262917,1,20260919,20,108,5,28;33;71;76;97,2,01100,01100,20,UNSAT,False,False,,121.55986700000358,1699.491708667003,2247.9578224160014,105092,1723792
branch,count1089_random1_20_split5_divide1_workers2,count1089,random,1,20262917,1,20260919,20,108,5,28;33;71;76;97,2,11000,11000,21,UNSAT,False,False,,146.39293187500152,1805.7359504579945,2247.9578224160014,105092,1723792
branch,count1089_random1_20_split5_divide1_workers2,count1089,random,1,20262917,1,20260919,20,108,5,28;33;71;76;97,2,10101,10101,22,UNSAT,False,False,,192.04288133300724,1891.584220417004,2247.9578224160014,105092,1723792
branch,count1089_random1_20_split5_divide1_workers2,count1089,random,1,20262917,1,20260919,20,108,5,28;33;71;76;97,2,10010,10010,23,UNSAT,False,False,,136.0866475829971,1941.8768388750032,2247.9578224160014,105092,1723792
branch,count1089_random1_20_split5_divide1_workers2,count1089,random,1,20262917,1,20260919,20,108,5,28;33;71;76;97,2,01010,01010,24,UNSAT,False,False,,157.95749079200323,2049.594462082998,2247.9578224160014,105092,1723792
branch,count1089_random1_20_split5_divide1_workers2,count1089,random,1,20262917,1,20260919,20,108,5,28;33;71;76;97,2,00000,00000,25,UNSAT,False,False,,171.84537504099717,2113.7840562079946,2247.9578224160014,105092,1723792
branch,count1089_random1_20_split5_divide1_workers2,count1089,random,1,20262917,1,20260919,20,108,5,28;33;71;76;97,2,11101,11101,27,UNSAT,False,False,,140.78876129200216,2254.626357000001,2247.9578224160014,105092,1723792
branch,count1089_random1_20_split5_divide1_workers2,count1089,random,1,20262917,1,20260919,20,108,5,28;33;71;76;97,2,11111,11111,26,UNSAT,False,False,,211.21683900000062,2260.8659573329933,2247.9578224160014,105092,1723792
branch,count1089_random1_20_split5_divide1_workers2,count1089,random,1,20262917,1,20260919,20,108,5,28;33;71;76;97,2,01101,01101,28,UNSAT,False,False,,131.74190737500612,2386.425308332997,2247.9578224160014,105092,1723792
branch,count1089_random1_20_split5_divide1_workers2,count1089,random,1,20262917,1,20260919,20,108,5,28;33;71;76;97,2,00010,00010,29,SAT,True,True,000102030405060708090A0B0C0D0E0F,279.0327061669959,2539.9666662919917,2247.9578224160014,105092,1723792
summary,count1089_random1_20_split5_divide1_workers2,count1089,random,1,20262917,1,20260919,20,108,5,28;33;71;76;97,2,00010,00010,29,SAT_FOUND,True,True,000102030405060708090A0B0C0D0E0F,279.0327061669959,2539.9797844580025,2247.9578224160014,105092,1723792
branch,count1089_random1_20_split5_divide1_workers6,count1089,random,1,20262917,1,20260919,20,108,5,28;33;71;76;97,6,10000,10000,5,UNSAT,False,False,,276.79614754200156,277.1311190000124,2247.9578224160014,105092,1723792
branch,count1089_random1_20_split5_divide1_workers6,count1089,random,1,20262917,1,20260919,20,108,5,28;33;71;76;97,6,10111,10111,2,UNSAT,False,False,,341.6317835410009,341.74243329200544,2247.9578224160014,105092,1723792
branch,count1089_random1_20_split5_divide1_workers6,count1089,random,1,20262917,1,20260919,20,108,5,28;33;71;76;97,6,11011,11011,6,UNSAT,False,False,,407.9084742080013,408.36130237500765,2247.9578224160014,105092,1723792
branch,count1089_random1_20_split5_divide1_workers6,count1089,random,1,20262917,1,20260919,20,108,5,28;33;71;76;97,6,10011,10011,4,UNSAT,False,False,,412.62014358300075,412.87610345899884,2247.9578224160014,105092,1723792
branch,count1089_random1_20_split5_divide1_workers6,count1089,random,1,20262917,1,20260919,20,108,5,28;33;71;76;97,6,00110,00110,3,UNSAT,False,False,,516.5963604169956,516.7827125420008,2247.9578224160014,105092,1723792
branch,count1089_random1_20_split5_divide1_workers6,count1089,random,1,20262917,1,20260919,20,108,5,28;33;71;76;97,6,11001,11001,1,UNSAT,False,False,,612.4144458750088,612.4662795840122,2247.9578224160014,105092,1723792
branch,count1089_random1_20_split5_divide1_workers6,count1089,random,1,20262917,1,20260919,20,108,5,28;33;71;76;97,6,01001,01001,9,UNSAT,False,False,,312.5501670419908,720.9884312500071,2247.9578224160014,105092,1723792
branch,count1089_random1_20_split5_divide1_workers6,count1089,random,1,20262917,1,20260919,20,108,5,28;33;71;76;97,6,00011,00011,7,UNSAT,False,False,,444.7892234589963,722.0087375840085,2247.9578224160014,105092,1723792
branch,count1089_random1_20_split5_divide1_workers6,count1089,random,1,20262917,1,20260919,20,108,5,28;33;71;76;97,6,00101,00101,8,UNSAT,False,False,,384.0979300829931,725.9270590840024,2247.9578224160014,105092,1723792
branch,count1089_random1_20_split5_divide1_workers6,count1089,random,1,20262917,1,20260919,20,108,5,28;33;71;76;97,6,11010,11010,10,UNSAT,False,False,,453.21384079099516,866.1912862090103,2247.9578224160014,105092,1723792
branch,count1089_random1_20_split5_divide1_workers6,count1089,random,1,20262917,1,20260919,20,108,5,28;33;71;76;97,6,01011,01011,11,UNSAT,False,False,,391.5247655830026,908.3977412090026,2247.9578224160014,105092,1723792
branch,count1089_random1_20_split5_divide1_workers6,count1089,random,1,20262917,1,20260919,20,108,5,28;33;71;76;97,6,01110,01110,12,UNSAT,False,False,,364.67722570800106,977.2385041250091,2247.9578224160014,105092,1723792
branch,count1089_random1_20_split5_divide1_workers6,count1089,random,1,20262917,1,20260919,20,108,5,28;33;71;76;97,6,10110,10110,14,UNSAT,False,False,,380.2887383750058,1102.399775375001,2247.9578224160014,105092,1723792
branch,count1089_random1_20_split5_divide1_workers6,count1089,random,1,20262917,1,20260919,20,108,5,28;33;71;76;97,6,01000,01000,15,UNSAT,False,False,,492.90866637500585,1218.9371610420058,2247.9578224160014,105092,1723792
branch,count1089_random1_20_split5_divide1_workers6,count1089,random,1,20262917,1,20260919,20,108,5,28;33;71;76;97,6,01111,01111,17,UNSAT,False,False,,490.8302971670055,1399.3190356670093,2247.9578224160014,105092,1723792
branch,count1089_random1_20_split5_divide1_workers6,count1089,random,1,20262917,1,20260919,20,108,5,28;33;71;76;97,6,00111,00111,16,UNSAT,False,False,,552.4143857500021,1418.7049557920109,2247.9578224160014,105092,1723792
branch,count1089_random1_20_split5_divide1_workers6,count1089,random,1,20262917,1,20260919,20,108,5,28;33;71;76;97,6,00100,00100,13,UNSAT,False,False,,698.6766460000072,1419.7548279170005,2247.9578224160014,105092,1723792
branch,count1089_random1_20_split5_divide1_workers6,count1089,random,1,20262917,1,20260919,20,108,5,28;33;71;76;97,6,01100,01100,20,UNSAT,False,False,,338.80520783300744,1557.8478093750018,2247.9578224160014,105092,1723792
branch,count1089_random1_20_split5_divide1_workers6,count1089,random,1,20262917,1,20260919,20,108,5,28;33;71;76;97,6,11110,11110,18,UNSAT,False,False,,665.4123482079885,1642.7511100420088,2247.9578224160014,105092,1723792
branch,count1089_random1_20_split5_divide1_workers6,count1089,random,1,20262917,1,20260919,20,108,5,28;33;71;76;97,6,10100,10100,19,UNSAT,False,False,,548.6287159159983,1651.1232940420014,2247.9578224160014,105092,1723792
branch,count1089_random1_20_split5_divide1_workers6,count1089,random,1,20262917,1,20260919,20,108,5,28;33;71;76;97,6,10010,10010,23,UNSAT,False,False,,258.4708532500081,1678.3189152920095,2247.9578224160014,105092,1723792
branch,count1089_random1_20_split5_divide1_workers6,count1089,random,1,20262917,1,20260919,20,108,5,28;33;71;76;97,6,11000,11000,21,UNSAT,False,False,,338.4587525000097,1737.8609540420002,2247.9578224160014,105092,1723792
branch,count1089_random1_20_split5_divide1_workers6,count1089,random,1,20262917,1,20260919,20,108,5,28;33;71;76;97,6,10101,10101,22,UNSAT,False,False,,387.6944097920059,1806.4947574170073,2247.9578224160014,105092,1723792
branch,count1089_random1_20_split5_divide1_workers6,count1089,random,1,20262917,1,20260919,20,108,5,28;33;71;76;97,6,01010,01010,24,UNSAT,False,False,,280.92297758300265,1838.8590006670129,2247.9578224160014,105092,1723792
branch,count1089_random1_20_split5_divide1_workers6,count1089,random,1,20262917,1,20260919,20,108,5,28;33;71;76;97,6,11101,11101,27,UNSAT,False,False,,263.9219958749891,1942.3168487920047,2247.9578224160014,105092,1723792
branch,count1089_random1_20_split5_divide1_workers6,count1089,random,1,20262917,1,20260919,20,108,5,28;33;71;76;97,6,00000,00000,25,UNSAT,False,False,,325.16728950000834,1967.9923307499994,2247.9578224160014,105092,1723792
branch,count1089_random1_20_split5_divide1_workers6,count1089,random,1,20262917,1,20260919,20,108,5,28;33;71;76;97,6,01101,01101,28,UNSAT,False,False,,261.6146263749979,1999.5550001250085,2247.9578224160014,105092,1723792
branch,count1089_random1_20_split5_divide1_workers6,count1089,random,1,20262917,1,20260919,20,108,5,28;33;71;76;97,6,11111,11111,26,UNSAT,False,False,,405.71289745801187,2056.911487000005,2247.9578224160014,105092,1723792
branch,count1089_random1_20_split5_divide1_workers6,count1089,random,1,20262917,1,20260919,20,108,5,28;33;71;76;97,6,00001,00001,31,UNSAT,False,False,,210.65983658299956,2153.053802209004,2247.9578224160014,105092,1723792
branch,count1089_random1_20_split5_divide1_workers6,count1089,random,1,20262917,1,20260919,20,108,5,28;33;71;76;97,6,11100,11100,30,UNSAT,False,False,,350.171532458,2189.098639459,2247.9578224160014,105092,1723792
branch,count1089_random1_20_split5_divide1_workers6,count1089,random,1,20262917,1,20260919,20,108,5,28;33;71;76;97,6,00010,00010,29,SAT,True,True,000102030405060708090A0B0C0D0E0F,435.76636999999755,2242.338574709007,2247.9578224160014,105092,1723792
summary,count1089_random1_20_split5_divide1_workers6,count1089,random,1,20262917,1,20260919,20,108,5,28;33;71;76;97,6,00010,00010,29,SAT_FOUND,True,True,000102030405060708090A0B0C0D0E0F,435.76636999999755,2242.351180459009,2247.9578224160014,105092,1723792
branch,count1089_random1_20_split5_divide1_workers8,count1089,random,1,20262917,1,20260919,20,108,5,28;33;71;76;97,8,10000,10000,5,UNSAT,False,False,,284.13590554200346,284.46063745900756,2247.9578224160014,105092,1723792
branch,count1089_random1_20_split5_divide1_workers8,count1089,random,1,20262917,1,20260919,20,108,5,28;33;71;76;97,8,10111,10111,2,UNSAT,False,False,,347.4929561250028,347.60176125,2247.9578224160014,105092,1723792
branch,count1089_random1_20_split5_divide1_workers8,count1089,random,1,20262917,1,20260919,20,108,5,28;33;71;76;97,8,00101,00101,8,UNSAT,False,False,,399.6635721660132,400.2624230000074,2247.9578224160014,105092,1723792
branch,count1089_random1_20_split5_divide1_workers8,count1089,random,1,20262917,1,20260919,20,108,5,28;33;71;76;97,8,11011,11011,6,UNSAT,False,False,,417.4124896249996,417.8117824590008,2247.9578224160014,105092,1723792
branch,count1089_random1_20_split5_divide1_workers8,count1089,random,1,20262917,1,20260919,20,108,5,28;33;71;76;97,8,10011,10011,4,UNSAT,False,False,,422.6527861670038,422.8967694590101,2247.9578224160014,105092,1723792
branch,count1089_random1_20_split5_divide1_workers8,count1089,random,1,20262917,1,20260919,20,108,5,28;33;71;76;97,8,00011,00011,7,UNSAT,False,False,,462.71869533300924,463.2239300000074,2247.9578224160014,105092,1723792
branch,count1089_random1_20_split5_divide1_workers8,count1089,random,1,20262917,1,20260919,20,108,5,28;33;71;76;97,8,00110,00110,3,UNSAT,False,False,,535.1985913749959,535.3783964590111,2247.9578224160014,105092,1723792
branch,count1089_random1_20_split5_divide1_workers8,count1089,random,1,20262917,1,20260919,20,108,5,28;33;71;76;97,8,01001,01001,9,UNSAT,False,False,,334.52485995800816,619.0779737920093,2247.9578224160014,105092,1723792
branch,count1089_random1_20_split5_divide1_workers8,count1089,random,1,20262917,1,20260919,20,108,5,28;33;71;76;97,8,11001,11001,1,UNSAT,False,False,,635.7118745420012,635.7691027920082,2247.9578224160014,105092,1723792
branch,count1089_random1_20_split5_divide1_workers8,count1089,random,1,20262917,1,20260919,20,108,5,28;33;71;76;97,8,01110,01110,12,UNSAT,False,False,,359.9946914579923,777.8887485840096,2247.9578224160014,105092,1723792
branch,count1089_random1_20_split5_divide1_workers8,count1089,random,1,20262917,1,20260919,20,108,5,28;33;71;76;97,8,01011,01011,11,UNSAT,False,False,,402.0613712500053,802.4048950840079,2247.9578224160014,105092,1723792
branch,count1089_random1_20_split5_divide1_workers8,count1089,random,1,20262917,1,20260919,20,108,5,28;33;71;76;97,8,10110,10110,14,UNSAT,False,False,,356.44853079199675,819.7468372500007,2247.9578224160014,105092,1723792
branch,count1089_random1_20_split5_divide1_workers8,count1089,random,1,20262917,1,20260919,20,108,5,28;33;71;76;97,8,11010,11010,10,UNSAT,False,False,,477.2973964999983,824.9879182090081,2247.9578224160014,105092,1723792
branch,count1089_random1_20_split5_divide1_workers8,count1089,random,1,20262917,1,20260919,20,108,5,28;33;71;76;97,8,01000,01000,15,UNSAT,False,False,,451.5794524170051,987.053952125003,2247.9578224160014,105092,1723792
branch,count1089_random1_20_split5_divide1_workers8,count1089,random,1,20262917,1,20260919,20,108,5,28;33;71;76;97,8,00100,00100,13,UNSAT,False,False,,654.2258518340095,1077.2014991250035,2247.9578224160014,105092,1723792
branch,count1089_random1_20_split5_divide1_workers8,count1089,random,1,20262917,1,20260919,20,108,5,28;33;71;76;97,8,01111,01111,17,UNSAT,False,False,,452.1474869999947,1088.0087475840119,2247.9578224160014,105092,1723792
branch,count1089_random1_20_split5_divide1_workers8,count1089,random,1,20262917,1,20260919,20,108,5,28;33;71;76;97,8,00111,00111,16,UNSAT,False,False,,512.1660267499974,1131.328141209,2247.9578224160014,105092,1723792
branch,count1089_random1_20_split5_divide1_workers8,count1089,random,1,20262917,1,20260919,20,108,5,28;33;71;76;97,8,01100,01100,20,UNSAT,False,False,,342.2269901249965,1162.0605336670124,2247.9578224160014,105092,1723792
branch,count1089_random1_20_split5_divide1_workers8,count1089,random,1,20262917,1,20260919,20,108,5,28;33;71;76;97,8,11000,11000,21,UNSAT,False,False,,404.85807020899665,1229.9386592500086,2247.9578224160014,105092,1723792
branch,count1089_random1_20_split5_divide1_workers8,count1089,random,1,20262917,1,20260919,20,108,5,28;33;71;76;97,8,10100,10100,19,UNSAT,False,False,,562.9141078329994,1365.4133300000103,2247.9578224160014,105092,1723792
branch,count1089_random1_20_split5_divide1_workers8,count1089,random,1,20262917,1,20260919,20,108,5,28;33;71;76;97,8,10010,10010,23,UNSAT,False,False,,301.18983404200117,1378.5129715840012,2247.9578224160014,105092,1723792
branch,count1089_random1_20_split5_divide1_workers8,count1089,random,1,20262917,1,20260919,20,108,5,28;33;71;76;97,8,11110,11110,18,UNSAT,False,False,,663.3921173749986,1441.3677342920128,2247.9578224160014,105092,1723792
branch,count1089_random1_20_split5_divide1_workers8,count1089,random,1,20262917,1,20260919,20,108,5,28;33;71;76;97,8,01010,01010,24,UNSAT,False,False,,368.9748004580033,1457.0673608340003,2247.9578224160014,105092,1723792
branch,count1089_random1_20_split5_divide1_workers8,count1089,random,1,20262917,1,20260919,20,108,5,28;33;71;76;97,8,10101,10101,22,UNSAT,False,False,,481.677704791,1468.8608197499998,2247.9578224160014,105092,1723792
branch,count1089_random1_20_split5_divide1_workers8,count1089,random,1,20262917,1,20260919,20,108,5,28;33;71;76;97,8,00000,00000,25,UNSAT,False,False,,406.9793307910004,1538.4111172920093,2247.9578224160014,105092,1723792
branch,count1089_random1_20_split5_divide1_workers8,count1089,random,1,20262917,1,20260919,20,108,5,28;33;71;76;97,8,11101,11101,27,UNSAT,False,False,,326.77604562501074,1556.8025366250076,2247.9578224160014,105092,1723792
branch,count1089_random1_20_split5_divide1_workers8,count1089,random,1,20262917,1,20260919,20,108,5,28;33;71;76;97,8,11111,11111,26,UNSAT,False,False,,522.4202475830098,1684.5741559170128,2247.9578224160014,105092,1723792
branch,count1089_random1_20_split5_divide1_workers8,count1089,random,1,20262917,1,20260919,20,108,5,28;33;71;76;97,8,01101,01101,28,UNSAT,False,False,,319.86828733299626,1685.3546983340057,2247.9578224160014,105092,1723792
branch,count1089_random1_20_split5_divide1_workers8,count1089,random,1,20262917,1,20260919,20,108,5,28;33;71;76;97,8,00001,00001,31,UNSAT,False,False,,278.3377225000004,1735.4773247920093,2247.9578224160014,105092,1723792
branch,count1089_random1_20_split5_divide1_workers8,count1089,random,1,20262917,1,20260919,20,108,5,28;33;71;76;97,8,11100,11100,30,UNSAT,False,False,,384.0997408340045,1825.5457164590043,2247.9578224160014,105092,1723792
branch,count1089_random1_20_split5_divide1_workers8,count1089,random,1,20262917,1,20260919,20,108,5,28;33;71;76;97,8,10001,10001,32,UNSAT,False,False,,370.6354267079878,1839.5802568340005,2247.9578224160014,105092,1723792
branch,count1089_random1_20_split5_divide1_workers8,count1089,random,1,20262917,1,20260919,20,108,5,28;33;71;76;97,8,00010,00010,29,SAT,True,True,000102030405060708090A0B0C0D0E0F,490.8693984589918,1869.4563795419963,2247.9578224160014,105092,1723792
summary,count1089_random1_20_split5_divide1_workers8,count1089,random,1,20262917,1,20260919,20,108,5,28;33;71;76;97,8,00010,00010,29,SAT_FOUND,True,True,000102030405060708090A0B0C0D0E0F,490.8693984589918,1869.4570657500153,2247.9578224160014,105092,1723792
