Bity,Wzorzec,Czas_s,Status,Solver
4,first,0.0206,OK,Kissat404
4,last,0.0115,OK,Kissat404
4,every_2nd,0.5281,OK,Kissat404
4,every_4th,0.4984,OK,Kissat404
4,random,0.3231,OK,Kissat404
8,first,1.5001,OK,Kissat404
8,last,0.0113,OK,Kissat404
8,every_2nd,0.8803,OK,Kissat404
8,every_4th,0.8043,OK,Kissat404
8,random,1.1346,OK,Kissat404
12,first,11.8881,OK,Kissat404
12,last,0.0145,OK,Kissat404
12,every_2nd,10.7354,OK,Kissat404
12,every_4th,10.3610,OK,Kissat404
12,random,17.5686,OK,Kissat404
16,first,104.8462,OK,Kissat404
16,last,175.7246,OK,Kissat404
16,every_2nd,167.2473,OK,Kissat404
16,every_4th,65.0187,OK,Kissat404
16,random,47.0157,OK,Kissat404
17,first,97.3940,OK,Kissat404
17,last,13.5220,OK,Kissat404
17,every_2nd,89.9604,OK,Kissat404
17,every_4th,17.7556,OK,Kissat404
17,random,150.4829,OK,Kissat404
18,first,115.0300,OK,Kissat404
18,last,16.0964,OK,Kissat404
18,every_2nd,85.0241,OK,Kissat404
18,every_4th,4.7344,OK,Kissat404
18,random,174.4450,OK,Kissat404
19,first,180.2534,OK,Kissat404
19,last,114.7831,OK,Kissat404
19,every_2nd,113.9367,OK,Kissat404
19,every_4th,136.2265,OK,Kissat404
19,random,76.4065,OK,Kissat404
20,first,1999.6876,OK,Kissat404
20,last,16.8941,OK,Kissat404
20,every_2nd,23.9006,OK,Kissat404
20,every_4th,346.6442,OK,Kissat404
20,random,283.9742,OK,Kissat404
21,first,985.6540,OK,Kissat404
21,last,137.7015,OK,Kissat404
21,every_2nd,88.6378,OK,Kissat404
21,every_4th,298.8285,OK,Kissat404
4,first,0.0145,OK,Kissat404
4,last,0.0159,OK,Kissat404
4,every_2nd,0.3680,OK,Kissat404
4,every_4th,0.4201,OK,Kissat404
4,random,0.2396,OK,Kissat404
8,first,1.2453,OK,Kissat404
8,last,0.0125,OK,Kissat404
8,every_2nd,0.8753,OK,Kissat404
8,every_4th,0.6160,OK,Kissat404
8,random,0.7751,OK,Kissat404
12,first,10.1554,OK,Kissat404
12,last,0.0082,OK,Kissat404
12,every_2nd,9.0250,OK,Kissat404
12,every_4th,10.0421,OK,Kissat404
12,random,19.1195,OK,Kissat404
16,first,187.2048,OK,Kissat404
16,last,527.5070,OK,Kissat404
16,every_2nd,619.8806,OK,Kissat404
16,every_4th,286.8379,OK,Kissat404
16,random,159.1859,OK,Kissat404
17,first,160.6971,OK,Kissat404
17,last,34.3244,OK,Kissat404
17,every_2nd,141.4304,OK,Kissat404
17,every_4th,23.2253,OK,Kissat404
17,random,167.0802,OK,Kissat404
18,first,89.3513,OK,Kissat404
18,last,13.3143,OK,Kissat404
18,every_2nd,70.0708,OK,Kissat404
18,every_4th,4.0583,OK,Kissat404
18,random,238.2701,OK,Kissat404
19,first,329.1029,OK,Kissat404
19,last,214.2998,OK,Kissat404
19,every_2nd,223.7694,OK,Kissat404
19,every_4th,289.8363,OK,Kissat404
19,random,96.2585,OK,Kissat404
20,first,2546.8949,OK,Kissat404
20,last,15.7535,OK,Kissat404
20,every_2nd,16.4406,OK,Kissat404
20,every_4th,244.8868,OK,Kissat404
20,random,231.3454,OK,Kissat404
21,first,1018.2473,OK,Kissat404
21,last,158.2210,OK,Kissat404
21,every_2nd,91.7574,OK,Kissat404
21,every_4th,268.6697,OK,Kissat404
21,random,224.5726,OK,Kissat404
4,first,0.0118,OK,Kissat404
4,last,0.0089,OK,Kissat404
4,every_2nd,0.3606,OK,Kissat404
4,every_4th,0.3960,OK,Kissat404
4,random,0.1914,OK,Kissat404
8,first,1.0317,OK,Kissat404
8,last,0.0085,OK,Kissat404
8,every_2nd,0.6505,OK,Kissat404
8,every_4th,0.6393,OK,Kissat404
8,random,0.7207,OK,Kissat404
12,first,6.4328,OK,Kissat404
12,last,0.0079,OK,Kissat404
12,every_2nd,5.9328,OK,Kissat404
12,every_4th,5.8336,OK,Kissat404
12,random,9.2639,OK,Kissat404
16,first,65.6046,OK,Kissat404
16,last,91.7410,OK,Kissat404
16,every_2nd,107.8319,OK,Kissat404
16,every_4th,53.0013,OK,Kissat404
16,random,29.2687,OK,Kissat404
17,first,82.2652,OK,Kissat404
17,last,12.6058,OK,Kissat404
17,every_2nd,84.7553,OK,Kissat404
17,every_4th,17.9406,OK,Kissat404
17,random,151.1779,OK,Kissat404
18,first,111.9200,OK,Kissat404
18,last,18.0699,OK,Kissat404
18,every_2nd,88.1229,OK,Kissat404
18,every_4th,5.3082,OK,Kissat404
18,random,138.4046,OK,Kissat404
19,first,131.9829,OK,Kissat404
19,last,85.6509,OK,Kissat404
19,every_2nd,85.3000,OK,Kissat404
19,every_4th,110.0539,OK,Kissat404
19,random,59.8566,OK,Kissat404
20,first,1534.9579,OK,Kissat404
20,last,14.1485,OK,Kissat404
20,every_2nd,16.2594,OK,Kissat404
20,every_4th,258.3250,OK,Kissat404
20,random,233.0316,OK,Kissat404
21,first,1001.0696,OK,Kissat404
21,last,157.8133,OK,Kissat404
21,every_2nd,90.9616,OK,Kissat404
21,every_4th,267.0462,OK,Kissat404
21,random,229.5555,OK,Kissat404
4,first,0.0201,OK,Kissat404
4,last,0.0093,OK,Kissat404
4,every_2nd,0.3859,OK,Kissat404
4,every_4th,0.3583,OK,Kissat404
4,random,0.1735,OK,Kissat404
8,first,0.9571,OK,Kissat404
8,last,0.0081,OK,Kissat404
8,every_2nd,0.7432,OK,Kissat404
8,every_4th,0.6619,OK,Kissat404
8,random,0.6521,OK,Kissat404
12,first,6.2339,OK,Kissat404
12,last,0.0071,OK,Kissat404
12,every_2nd,5.4499,OK,Kissat404
12,every_4th,5.8253,OK,Kissat404
12,random,8.7613,OK,Kissat404
16,first,62.2696,OK,Kissat404
16,last,85.9952,OK,Kissat404
16,every_2nd,111.6724,OK,Kissat404
16,every_4th,58.7286,OK,Kissat404
16,random,27.9496,OK,Kissat404
17,first,80.8741,OK,Kissat404
17,last,11.4103,OK,Kissat404
17,every_2nd,82.4412,OK,Kissat404
17,every_4th,16.8258,OK,Kissat404
17,random,139.1639,OK,Kissat404
18,first,101.3218,OK,Kissat404
18,last,14.8843,OK,Kissat404
18,every_2nd,81.2044,OK,Kissat404
18,every_4th,5.0124,OK,Kissat404
18,random,130.9436,OK,Kissat404
19,first,113.3214,OK,Kissat404
19,last,75.7795,OK,Kissat404
19,every_2nd,75.2093,OK,Kissat404
19,every_4th,97.6435,OK,Kissat404
19,random,54.6729,OK,Kissat404
20,first,1443.5237,OK,Kissat404
20,last,20.5207,OK,Kissat404
20,every_2nd,22.1309,OK,Kissat404
20,every_4th,314.5151,OK,Kissat404
20,random,229.1551,OK,Kissat404
21,first,1479.7028,OK,Kissat404
21,last,432.9019,OK,Kissat404
21,every_2nd,221.5001,OK,Kissat404
21,every_4th,634.6867,OK,Kissat404
21,random,464.6554,OK,Kissat404
4,first,0.0122,OK,Kissat404
4,last,0.0097,OK,Kissat404
4,every_2nd,0.4281,OK,Kissat404
4,every_4th,0.3941,OK,Kissat404
4,random,0.2022,OK,Kissat404
8,first,1.1597,OK,Kissat404
8,last,0.0098,OK,Kissat404
8,every_2nd,0.7953,OK,Kissat404
8,every_4th,0.7167,OK,Kissat404
8,random,0.8250,OK,Kissat404
12,first,8.2581,OK,Kissat404
12,last,0.0099,OK,Kissat404
12,every_2nd,7.3779,OK,Kissat404
12,every_4th,7.6533,OK,Kissat404
12,random,12.1250,OK,Kissat404
16,first,81.3148,OK,Kissat404
16,last,123.0716,OK,Kissat404
16,every_2nd,139.1465,OK,Kissat404
16,every_4th,73.9330,OK,Kissat404
16,random,39.1846,OK,Kissat404
17,first,115.5234,OK,Kissat404
17,last,17.6463,OK,Kissat404
17,every_2nd,118.1466,OK,Kissat404
17,every_4th,25.1602,OK,Kissat404
17,random,203.7872,OK,Kissat404
18,first,150.4666,OK,Kissat404
18,last,23.6719,OK,Kissat404
18,every_2nd,105.7542,OK,Kissat404
18,every_4th,5.5960,OK,Kissat404
18,random,156.6550,OK,Kissat404
19,first,170.2886,OK,Kissat404
19,last,115.2923,OK,Kissat404
19,every_2nd,120.2270,OK,Kissat404
19,every_4th,149.3542,OK,Kissat404
19,random,80.9392,OK,Kissat404
20,first,2003.0811,OK,Kissat404
20,last,20.0840,OK,Kissat404
20,every_2nd,21.3990,OK,Kissat404
20,every_4th,319.5043,OK,Kissat404
20,random,308.4713,OK,Kissat404
4,first,0.0190,OK,Kissat404
4,last,0.0104,OK,Kissat404
4,every_2nd,0.4756,OK,Kissat404
4,every_4th,0.4890,OK,Kissat404
4,random,0.2217,OK,Kissat404
8,first,1.2133,OK,Kissat404
8,last,0.0103,OK,Kissat404
8,every_2nd,0.7764,OK,Kissat404
8,every_4th,0.7582,OK,Kissat404
8,random,0.8893,OK,Kissat404
12,first,7.9310,OK,Kissat404
12,last,0.0087,OK,Kissat404
12,every_2nd,6.8326,OK,Kissat404
12,every_4th,7.2494,OK,Kissat404
12,random,11.4906,OK,Kissat404
16,first,77.4247,OK,Kissat404
16,last,113.3075,OK,Kissat404
16,every_2nd,131.3975,OK,Kissat404
16,every_4th,66.4290,OK,Kissat404
16,random,37.2553,OK,Kissat404
17,first,107.3295,OK,Kissat404
17,last,16.6393,OK,Kissat404
17,every_2nd,113.0374,OK,Kissat404
17,every_4th,22.5404,OK,Kissat404
17,random,186.9261,OK,Kissat404
18,first,134.1902,OK,Kissat404
18,last,20.1956,OK,Kissat404
18,every_2nd,109.3048,OK,Kissat404
18,every_4th,6.7558,OK,Kissat404
18,random,179.2272,OK,Kissat404
19,first,152.6226,OK,Kissat404
19,last,117.2301,OK,Kissat404
19,every_2nd,114.4581,OK,Kissat404
19,every_4th,143.1127,OK,Kissat404
19,random,77.2479,OK,Kissat404
20,first,1817.5550,OK,Kissat404
20,last,17.4052,OK,Kissat404
20,every_2nd,19.5770,OK,Kissat404
20,every_4th,318.4931,OK,Kissat404
20,random,287.2473,OK,Kissat404
21,first,1281.0350,OK,Kissat404
21,last,197.8762,OK,Kissat404
21,every_2nd,114.8162,OK,Kissat404
21,every_4th,338.0413,OK,Kissat404
21,random,288.7167,OK,Kissat404
4,first,0.0148,OK,Kissat404
4,last,0.0094,OK,Kissat404
4,every_2nd,0.4362,OK,Kissat404
4,every_4th,0.3916,OK,Kissat404
4,random,0.2184,OK,Kissat404
8,first,1.2570,OK,Kissat404
8,last,0.0078,OK,Kissat404
8,every_2nd,0.7778,OK,Kissat404
8,every_4th,0.7227,OK,Kissat404
8,random,0.8122,OK,Kissat404
12,first,8.9606,OK,Kissat404
12,last,0.0079,OK,Kissat404
12,every_2nd,7.8388,OK,Kissat404
12,every_4th,8.0661,OK,Kissat404
12,random,13.1277,OK,Kissat404
16,first,90.0218,OK,Kissat404
16,last,133.7317,OK,Kissat404
16,every_2nd,153.0840,OK,Kissat404
16,every_4th,77.5576,OK,Kissat404
16,random,42.2311,OK,Kissat404
17,first,119.4711,OK,Kissat404
17,last,18.2522,OK,Kissat404
17,every_2nd,123.1630,OK,Kissat404
17,every_4th,25.3952,OK,Kissat404
17,random,213.2534,OK,Kissat404
18,first,150.8562,OK,Kissat404
18,last,23.5248,OK,Kissat404
18,every_2nd,120.0580,OK,Kissat404
18,every_4th,7.2518,OK,Kissat404
18,random,197.3786,OK,Kissat404
19,first,173.5893,OK,Kissat404
19,last,117.0631,OK,Kissat404
19,every_2nd,120.0062,OK,Kissat404
19,every_4th,151.0785,OK,Kissat404
19,random,80.2991,OK,Kissat404
20,first,2061.7281,OK,Kissat404
20,last,20.2504,OK,Kissat404
20,every_2nd,22.1485,OK,Kissat404
20,every_4th,342.3508,OK,Kissat404
20,random,329.1558,OK,Kissat404
21,first,1416.1011,OK,Kissat404
21,last,229.1861,OK,Kissat404
21,every_2nd,133.2088,OK,Kissat404
21,every_4th,394.1933,OK,Kissat404
21,random,334.4068,OK,Kissat404
4,first,0.0146,OK,Kissat404
4,last,0.0088,OK,Kissat404
4,every_2nd,0.3127,OK,Kissat404
4,every_4th,0.3662,OK,Kissat404
4,random,0.1614,OK,Kissat404
8,first,0.7591,OK,Kissat404
8,last,0.0072,OK,Kissat404
8,every_2nd,0.4576,OK,Kissat404
8,every_4th,0.4221,OK,Kissat404
8,random,0.5446,OK,Kissat404
12,first,5.0944,OK,Kissat404
12,last,0.0068,OK,Kissat404
12,every_2nd,4.6191,OK,Kissat404
12,every_4th,4.8800,OK,Kissat404
12,random,13.5508,OK,Kissat404
16,first,74.6188,OK,Kissat404
16,last,84.7045,OK,Kissat404
16,every_2nd,97.5243,OK,Kissat404
16,every_4th,46.7446,OK,Kissat404
16,random,26.0221,OK,Kissat404
17,first,82.0885,OK,Kissat404
17,last,11.3726,OK,Kissat404
17,every_2nd,80.3294,OK,Kissat404
17,every_4th,15.9055,OK,Kissat404
17,random,143.0623,OK,Kissat404
18,first,93.9042,OK,Kissat404
18,last,14.4994,OK,Kissat404
18,every_2nd,77.5298,OK,Kissat404
18,every_4th,5.2653,OK,Kissat404
18,random,134.7227,OK,Kissat404
19,first,122.5089,OK,Kissat404
19,last,77.8118,OK,Kissat404
19,every_2nd,74.2054,OK,Kissat404
19,every_4th,90.6796,OK,Kissat404
19,random,52.2998,OK,Kissat404
4,first,0.0143,OK,Kissat404
4,last,0.0206,OK,Kissat404
4,every_2nd,0.2950,OK,Kissat404
4,every_4th,0.3616,OK,Kissat404
4,random,0.1711,OK,Kissat404
8,first,0.7987,OK,Kissat404
8,last,0.0071,OK,Kissat404
8,every_2nd,0.5849,OK,Kissat404
8,every_4th,0.4603,OK,Kissat404
8,random,0.6176,OK,Kissat404
12,first,5.8259,OK,Kissat404
12,last,0.0072,OK,Kissat404
12,every_2nd,5.2107,OK,Kissat404
12,every_4th,5.6282,OK,Kissat404
12,random,8.8359,OK,Kissat404
16,first,62.2136,OK,Kissat404
16,last,92.3038,OK,Kissat404
16,every_2nd,102.2384,OK,Kissat404
16,every_4th,47.6826,OK,Kissat404
16,random,27.5456,OK,Kissat404
17,first,83.5060,OK,Kissat404
17,last,11.0834,OK,Kissat404
4,first,0.0128,OK,Kissat404
4,last,0.0080,OK,Kissat404
4,first,0.0145,OK,Kissat404
4,last,0.0091,OK,Kissat404
4,every_2nd,0.3636,OK,Kissat404
4,every_4th,0.3608,OK,Kissat404
4,random,0.2714,OK,Kissat404
8,first,1.1439,OK,Kissat404
8,last,0.0084,OK,Kissat404
8,every_2nd,0.8189,OK,Kissat404
8,every_4th,0.6808,OK,Kissat404
8,random,0.7846,OK,Kissat404
