byte_a,byte_b,cases,sat,timeouts,errors,correct,candidate_valid,mean,median,min,max,stdev
0,1,5,5,0,0,5,5,52.97127873320096,53.6720326249997,14.583525957998063,91.5210684169997,29.36461397642238
0,2,5,5,0,0,5,5,43.08776064179874,24.527669875000356,16.208175999992818,86.74530437499925,30.750005868562464
0,3,5,5,0,0,5,5,50.092077416800386,50.26501179200204,28.500483291998535,77.43939208299707,18.068163257105937
0,4,5,5,0,0,5,5,60.66366417519821,64.47587487499914,30.551141500000085,88.74465495899494,22.99190668407452
0,5,5,5,0,0,5,5,54.756339716600266,41.39692804199876,7.051150666999092,109.94165016600164,39.73929896223628
0,6,5,5,0,0,5,5,51.45000551660014,54.05210725000143,23.02286204200027,97.49988291600312,29.98012138362393
0,7,5,5,0,0,5,5,56.288915258198905,39.175656291998166,35.59194504199695,108.95693879100145,31.00724257652328
0,8,5,5,0,0,5,5,65.2671884166015,51.274815040997055,24.822375667004962,103.39489125000182,33.65012372878949
0,9,5,5,0,0,5,5,81.96272906679951,84.03017929199996,47.31665712500035,106.60261137499765,22.65340562925496
0,10,5,5,0,0,5,5,53.71175044179908,57.43206608399851,12.16788962499777,89.38735791699946,35.94585525452569
0,11,5,5,0,0,5,5,56.66598410000006,53.286344165997434,47.736713584003155,71.8522122079994,9.346192675851903
0,12,5,5,0,0,5,5,74.25354688320003,66.4601915409985,57.604217250001966,91.12010941599874,15.484752697447094
0,13,5,5,0,0,5,5,47.68810388340025,37.66445841699897,18.361013916999582,102.94315845799792,32.30289824339756
0,14,5,5,0,0,5,5,41.19310413320127,42.488468292001926,19.510935708000034,62.01129833300001,15.415686690014164
0,15,5,5,0,0,5,5,72.57479720859956,74.21137358399574,53.35269587500079,89.78349058399908,13.125258541981054
1,2,5,5,0,0,5,5,69.30202690000006,66.43416679200163,42.826603624998825,97.9288586670009,20.49960427467096
1,3,5,5,0,0,5,5,68.06250482500073,65.24573149999924,42.305388999999195,94.52620500000194,19.411450329577406
1,4,5,5,0,0,5,5,37.04653639179742,39.89809387499554,10.41477483399649,65.86092562499834,20.633721165747055
1,5,5,5,0,0,5,5,53.17889307519945,47.861891874999856,39.135818791997735,69.46484320799937,14.446226906436623
1,6,5,5,0,0,5,5,54.92364137520017,35.34255541699895,26.757997417000297,90.9489777079998,31.107703114414083
1,7,5,5,0,0,5,5,64.34387686640075,60.51936266600387,29.866195041002356,104.75360066699977,27.719754989384924
1,8,5,5,0,0,5,5,70.72612091639894,75.72161604099529,18.851810915999522,115.70786645799672,45.550794315315
1,9,5,5,0,0,5,5,62.57392266660027,62.500191584003915,22.574638124999183,101.52600441600225,28.055751888904133
1,10,5,5,0,0,5,5,40.02660254160073,48.35684712500006,19.96245437500329,57.85029383299843,18.2999827536309
1,11,5,5,0,0,5,5,37.24640800820016,36.37432141700265,17.85769916600111,53.7384382500004,13.288165646058008
1,12,5,5,0,0,5,5,42.03767348299989,47.64919541600102,20.437681166000402,50.755659041999024,12.601685323742428
1,13,5,5,0,0,5,5,44.861164366798036,35.00013725000099,9.433208958995237,84.7308417499953,30.515232217980927
1,14,5,5,0,0,5,5,51.311310724801295,37.512299207999604,8.90064554100536,99.61215491700204,35.98335603832266
1,15,5,5,0,0,5,5,66.73321829959896,57.32182541600196,31.42273408300025,109.59693745799814,32.119362606523666
2,3,5,5,0,0,5,5,66.90680930019917,62.38756079199811,59.295938125003886,87.112431249996,11.400348439918451
2,4,5,5,0,0,5,5,74.29662685839939,86.27820787499877,30.702343874996586,108.04657483300252,32.36883597893866
2,5,5,5,0,0,5,5,67.36174865839894,74.20105549999789,28.482253250000213,91.90540983399842,23.783554147772453
2,6,5,4,1,0,4,4,80.75865136450011,86.67320545800067,58.08115558300051,91.6070389589986,15.315939649093602
2,7,5,5,0,0,5,5,74.7479025081997,70.62513020799815,32.21432074999939,108.75515170799918,30.918597327822173
2,8,5,5,0,0,5,5,76.28049958359952,74.21457491699948,19.042547542001557,110.12775462499849,37.10775107792744
2,9,5,5,0,0,5,5,60.53828117519879,46.47049004199653,33.209641000001284,106.7198018750023,29.266328496868773
2,10,5,5,0,0,5,5,62.33477919979778,40.753811374997895,24.177424749999773,109.42142312499345,40.994279757128005
2,11,5,5,0,0,5,5,64.10352510040175,68.13811445900501,8.133938709001086,111.04303295900172,37.45813536504105
2,12,5,5,0,0,5,5,45.89097891659985,30.66873941599988,13.40873470799852,100.88501029200052,35.62713560361066
2,13,5,5,0,0,5,5,48.562656516199425,46.324016999999,13.709353541000382,91.3594007080028,31.887201609131434
2,14,5,5,0,0,5,5,56.75545791639888,59.491583957998955,24.921141708000505,99.36626920799608,31.01445190299442
2,15,5,5,0,0,5,5,50.30045128340098,39.853691250005795,19.289990332999878,105.54891412500001,32.77656669409418
3,4,5,5,0,0,5,5,67.26379845880038,75.1221902920006,19.679386709000028,107.51590312500048,33.1845240788504
3,5,5,5,0,0,5,5,72.12809909160096,61.205410166003276,54.928370416997495,98.82134833300006,18.801094972639472
3,6,5,5,0,0,5,5,57.668007166601456,31.439847958001337,26.830112125000596,114.5357984580005,39.9683377688453
3,7,5,5,0,0,5,5,73.91876654180051,64.9291485419999,33.687583834002,110.11334941600035,30.181724478926668
3,8,5,5,0,0,5,5,46.87075460839951,40.86149308400127,17.38241329199809,87.64211204200001,30.15706831025163
3,9,5,5,0,0,5,5,64.43814498360044,68.21371900000304,27.767677208999885,101.63101845799974,32.2941659696248
3,10,5,5,0,0,5,5,69.55264524160012,69.90248041700397,39.37311820899777,91.92534070799957,22.070231998925802
3,11,5,5,0,0,5,5,64.1979103338006,59.371207208998385,24.49566395900183,92.18333966700447,28.000557166671896
3,12,5,5,0,0,5,5,44.89981602479857,40.42421445799846,8.297546915997373,93.87007633299982,31.448595230878407
3,13,5,5,0,0,5,5,48.144851558200024,47.37483124999926,10.7352027909983,85.43420629200409,29.1145580104345
3,14,5,5,0,0,5,5,48.09087426640072,33.187466916999256,22.271993415999532,90.12577891600085,28.287162662980446
3,15,5,5,0,0,5,5,71.26696939179928,82.35888045899992,8.889112917000602,116.2346489579977,39.5850319514916
4,5,5,5,0,0,5,5,52.70452364160046,63.48214150000058,10.051347957996768,88.02687208299903,37.96397532156129
4,6,5,5,0,0,5,5,39.238979966600525,23.04400849999911,8.658022666000761,95.17281687500508,35.97213468788728
4,7,5,5,0,0,5,5,41.00711745840126,36.09555458400064,17.646523250004975,68.87554333299886,18.945423624391147
4,8,5,4,1,0,4,4,62.08304435424952,71.55037308349984,13.15570820799985,92.07572304199857,34.04829876791279
4,9,5,5,0,0,5,5,80.47820547500014,76.1906139169987,63.82410795800024,93.34943883300002,12.732994647583462
4,10,5,5,0,0,5,5,70.44933539180128,73.20812687500438,25.261730041998817,98.63180587500028,30.846433796444284
4,11,5,5,0,0,5,5,60.58710617499965,69.6980896669993,34.19405462500072,84.72139199999947,23.012385567545344
4,12,5,5,0,0,5,5,68.86016472520059,58.486056666002696,27.00104995899892,116.76655683400168,36.16382802736047
4,13,5,5,0,0,5,5,56.65227863359978,36.45761245799804,10.200141833003727,101.40273045899812,41.97601993514857
4,14,5,5,0,0,5,5,49.1883590331985,35.393351457998506,8.090187166002579,112.63120958399668,40.67084779953888
4,15,5,4,1,0,4,4,71.09057816675067,81.84159241700036,13.449964750001527,107.22916308300046,43.48172225376507
5,6,5,5,0,0,5,5,75.094286766601,76.38332725000146,54.5033890420018,96.16676179099886,16.37246113888578
5,7,5,4,1,0,4,4,45.12249808349952,43.39998772949912,20.920652542001335,72.76936433299852,21.26147134631307
5,8,5,5,0,0,5,5,54.01323814179923,56.64428741699521,16.07097341699773,87.18334450000111,26.163565494481407
5,9,5,5,0,0,5,5,66.29367720840018,63.911508249999315,37.69805154200003,99.98024908299703,23.749091285165104
5,10,5,5,0,0,5,5,54.53075085819946,41.34754766599508,26.007356207999692,108.97348924999824,34.03679514200737
5,11,5,5,0,0,5,5,50.030919633198934,63.329802124997514,19.534269499999937,79.25316000000021,27.620426749528335
5,12,5,5,0,0,5,5,52.225671608199626,46.349690041999565,17.17318562499713,94.70308808299887,28.360758595371053
5,13,5,4,1,0,4,4,29.30271853125123,15.792364646000351,8.747307333003846,76.87883750000037,32.0834302825113
5,14,5,5,0,0,5,5,37.40864628359996,24.915219417001936,20.30594733399994,85.94935604200145,27.82040730685747
5,15,5,5,0,0,5,5,58.32941676679839,45.876009832998534,21.929207958994084,101.57654641699992,39.06884521636203
6,7,5,5,0,0,5,5,63.55937599180106,63.12720400000035,11.293352417000278,105.1903258750026,35.77601304519552
6,8,5,5,0,0,5,5,34.35858856660052,31.77340458300023,7.213955125000211,70.01787783300097,23.68747606549148
6,9,5,5,0,0,5,5,44.735216466599375,35.03761008299625,15.668172999998205,79.02800787500018,25.603321178049
6,10,5,5,0,0,5,5,55.94126556659903,49.440715167002054,33.09047608299443,100.09431712500009,25.81307881762582
6,11,5,5,0,0,5,5,73.25580424180153,72.6897157500025,42.43739962499967,109.5863282920036,30.71116319399414
6,12,5,5,0,0,5,5,62.33229452520027,70.06441958299911,18.284313208998356,102.74437675000081,35.7210440311783
6,13,5,5,0,0,5,5,60.916576258200074,58.95152391699958,21.044265832999372,117.28008504099853,40.075060301032934
6,14,5,5,0,0,5,5,71.50319114999948,72.85072629199567,35.31363391699779,92.95427312500397,22.341133092391665
6,15,5,5,0,0,5,5,37.519528625001115,28.142187333003676,13.715177082998707,79.83152649999829,25.699108619035083
7,8,5,4,1,0,4,4,29.735456041748876,14.30491133349824,6.952405707997968,83.37959579200106,35.932150111774305
7,9,5,5,0,0,5,5,64.19985144179881,64.2139109589989,24.904464624996763,90.72642149999956,24.61532525952923
7,10,5,5,0,0,5,5,46.57231070820126,45.43186808300379,25.69003325000085,65.31497762500294,14.624052372477086
7,11,5,5,0,0,5,5,32.708978166598534,29.311442040998372,11.979273083998123,77.69594183299705,26.62044081414798
7,12,5,5,0,0,5,5,59.659474583400154,85.87520804099768,18.329349167001055,87.3997105840026,36.94427024732068
7,13,5,5,0,0,5,5,35.38815750839858,33.841027499998745,11.222883999998885,61.896264832997986,22.102727450585398
7,14,5,5,0,0,5,5,55.52046235839807,64.82148654199773,16.609171374999278,86.7373817919979,30.43009269183136
7,15,5,5,0,0,5,5,53.97804771660085,43.37191116699978,15.819986875001632,90.47996191600032,32.24998233348669
8,9,5,5,0,0,5,5,63.164334808600685,54.70141549999971,21.42409441700147,97.42327229200237,31.082807230817153
8,10,5,5,0,0,5,5,70.55525941660017,81.73724562500138,19.415389000001596,92.48899700000038,30.289241906085145
8,11,5,5,0,0,5,5,44.12899621679971,40.367767708004976,15.19368541699805,87.21549020800012,30.227912306420773
8,12,5,5,0,0,5,5,55.98159710879918,43.89048154199554,23.304940084002737,106.020587084,33.757749292692246
8,13,5,4,1,0,4,4,54.40193787475164,51.068890520500645,6.513577875004557,108.9563925830007,44.11532487676458
8,14,5,5,0,0,5,5,47.93970307499912,58.31417149999834,14.659198916997411,73.3502316249942,24.593693552198992
8,15,5,5,0,0,5,5,53.03018033360058,50.51214579099906,29.900099709000642,84.33703145899926,19.614207419493496
9,10,5,4,1,0,4,4,52.3139784267496,45.87128981249771,28.34923241600336,89.16410166599962,26.07577183171227
9,11,5,5,0,0,5,5,55.866123592000804,55.10773291700025,20.46237595900311,109.15130533400225,33.25256620776476
9,12,5,5,0,0,5,5,54.718147666798174,50.52441424999779,37.05272433399659,94.68529412499629,23.378750765296633
9,13,5,5,0,0,5,5,57.185955975000255,57.28485929100134,26.530727334000403,86.68396204199962,22.104360011340486
9,14,5,5,0,0,5,5,45.002072325001066,26.762416292003763,14.62896470800115,110.38092887499806,38.4622412017481
9,15,5,5,0,0,5,5,44.660940058201234,51.12521508300415,17.552600000002712,58.313436291999096,16.3836015839195
10,11,5,5,0,0,5,5,47.951739716597515,41.90906220799661,9.049572541996895,81.92940966699825,27.88786840269241
10,12,5,5,0,0,5,5,60.908634908400565,67.97731258400017,32.10760716700315,88.78273166600047,24.606540098633484
10,13,5,5,0,0,5,5,55.20439120020019,57.503841375000775,14.670918750001874,94.88257412499661,28.622823102038826
10,14,5,5,0,0,5,5,65.92328266680197,63.62046654200094,28.94481720800104,102.30664904200239,28.586044281931954
10,15,5,5,0,0,5,5,60.24962462520125,70.57214341700455,35.83915012500074,80.10692966699935,21.551910507903134
11,12,5,5,0,0,5,5,55.86838636659813,67.05779187499866,13.593883707995701,101.89409687499938,36.16970163370789
11,13,5,5,0,0,5,5,57.25386456680062,45.93208545899688,26.51330812499873,90.03010000000359,28.38077918709873
11,14,5,5,0,0,5,5,58.244125166800224,49.441288292000536,19.099675541998295,105.98956662500132,31.847847604626157
11,15,5,5,0,0,5,5,25.266183799801365,23.721419000001333,16.0377507910016,33.27605487500114,7.7425473140801735
12,13,5,5,0,0,5,5,50.563303875000564,12.109852833000332,6.075850499997614,114.52314462499999,56.24217201429902
12,14,5,4,1,0,4,4,51.579515083498336,42.68601983349981,26.560712957998476,94.38530770899524,29.98639574053193
12,15,5,5,0,0,5,5,65.76404833359774,66.86244758399698,41.798120916995686,79.11389374999999,14.746806432569088
13,14,5,5,0,0,5,5,52.09738132520069,35.21689524999965,21.056144209003833,93.82967479199942,34.334403184333496
13,15,5,5,0,0,5,5,79.37581815799786,69.73800745799963,60.402572040999075,113.42774974999338,22.910046548897732
14,15,5,4,1,0,4,4,46.60232706249917,47.56348070849708,15.489060750001954,75.79328608300057,25.178296977062036
